{"cameraMode":{"drawMode":0,"name":"Shaded","section":"Shading Mode"},"sceneLighting":true,"audioPlay":false,"sceneViewState":{"showFog":true,"showMaterialUpdate":false,"showSkybox":false,"showFlares":true,"showImageEffects":true,"showParticleSystems":true},"in2DMode":false,"pivot":{"x":3.816337823867798,"y":1.2032699584960938,"z":53.28325653076172},"rotation":{"x":0.01617964543402195,"y":-0.03539073094725609,"z":-0.0005738086183555424,"w":-0.9992474913597107},"size":29.290008544921876,"orthographic":false}